benchmark,before_ms,after_ms,change_percent,post_first_before_ms,post_first_after_ms,post_first_change_percent,iterations_override
arithmetic,35.8,33.8,-5.586592178770955,28.5,26.75,-6.140350877192979,
boyer,58.2,57.6,-1.0309278350515538,40.0,37.25,-6.874999999999998,
chat_parser,3353.2,3470.4,3.495168793987835,2492.0,2693.75,8.09590690208668,
crypt,22.8,22.6,-0.877192982456132,13.25,12.5,-5.660377358490565,
deriv,228.8,208.8,-8.74125874125874,197.75,187.75,-5.056890012642223,
iterate,3.6,3.8,5.555555555555558,3.5,3.5,0.0,
iterate_assert,20.6,21.2,2.9126213592232997,25.25,26.0,2.970297029702973,100000
iterate_call,3.6,3.6,0.0,3.25,3.25,0.0,
iterate_cut,11.6,11.4,-1.724137931034475,12.5,12.0,-4.0000000000000036,100000
iterate_exception,59.2,56.8,-4.054054054054069,62.0,59.75,-3.629032258064513,100000
iterate_failure,17.0,14.4,-15.294117647058824,16.0,13.75,-14.0625,
iterate_findall,72.2,73.0,1.1080332409972193,72.25,73.0,1.038062283737018,
iterate_if,5.4,5.2,-3.703703703703709,5.0,4.75,-5.000000000000004,
meta_nrev,164.0,187.6,14.390243902439014,165.5,191.75,15.861027190332333,
mu,38.4,39.6,3.125,27.25,27.0,-0.917431192660545,
nrev,105.2,109.4,3.9923954372623527,104.25,108.5,4.076738609112707,
poly,53.2,49.6,-6.766917293233088,57.0,54.75,-3.9473684210526327,
primes,147.6,151.8,2.8455284552845628,153.25,164.25,7.177814029363794,
qsort,69.0,56.2,-18.55072463768116,60.5,48.75,-19.42148760330579,
queens,72.0,74.4,3.3333333333333437,65.25,67.0,2.6819923371647514,
reducer,1029.8,948.8,-7.865604971839191,721.5,619.0,-14.206514206514209,
tak,113.6,100.8,-11.267605633802813,112.0,100.5,-10.267857142857139,
zebra,1367.2,1300.2,-4.900526623756585,1277.25,1209.75,-5.284791544333533,
