benchmark,variant,before_ms,after_ms,change_percent,post_first_before_ms,post_first_after_ms,post_first_change_percent
arithmetic,original,31.4,29.0,-7.643312101910826,24.25,23.0,-5.154639175257736
boyer,original,63.6,56.8,-10.691823899371078,46.25,41.75,-9.72972972972973
chat_parser,original,4070.2,3962.2,-2.6534322637708274,3209.75,3079.5,-4.057948438351899
crypt,original,23.8,24.8,4.201680672268915,13.25,12.25,-7.547169811320753
deriv,original,205.4,182.6,-11.10029211295035,176.75,160.5,-9.19377652050919
iterate,original,3.2,3.2,0.0,3.0,3.0,0.0
iterate_assert,100k-iterations,14.2,14.8,4.225352112676073,17.5,18.0,2.857142857142847
iterate_call,original,3.2,3.4,6.25,2.75,3.0,9.090909090909083
iterate_cut,100k-iterations,6.0,6.4,6.666666666666665,5.75,5.75,0.0
iterate_exception,100k-iterations,35.8,37.0,3.3519553072625774,38.5,40.0,3.8961038961038863
iterate_failure,original,16.4,14.2,-13.414634146341465,16.0,13.5,-15.625
iterate_findall,original,73.0,73.6,0.8219178082191636,73.25,73.5,0.34129692832765013
iterate_if,original,5.6,5.2,-7.142857142857128,5.0,4.75,-5.000000000000004
meta_nrev,original,159.4,154.2,-3.2622333751568533,157.0,157.5,0.31847133757962887
mu,original,35.6,35.6,0.0,26.5,26.75,0.9433962264151052
nrev,original,96.2,96.6,0.4158004158004047,93.5,93.5,0.0
poly,original,40.8,38.4,-5.882352941176472,44.75,42.0,-6.145251396648044
primes,original,105.2,107.6,2.281368821292773,111.0,113.75,2.4774774774774855
qsort,original,46.0,36.0,-21.739130434782606,39.75,31.25,-21.383647798742132
queens,original,53.2,52.0,-2.2556390977443663,49.75,48.5,-2.5125628140703515
reducer,reducer-escape-fix,539.0,513.8,-4.675324675324688,335.5,335.75,0.07451564828613311
tak,original,77.4,72.4,-6.459948320413433,76.0,73.0,-3.9473684210526327
zebra,original,881.8,852.6,-3.311408482649114,845.75,801.0,-5.2911616908069785
