benchmark,before_ms,after_ms,change_percent,iterations_override
arithmetic,1103.0,941.0,-14.68721668177697,
boyer,203.0,224.0,10.344827586206895,
chat_parser,15385.0,14073.0,-8.527786805329862,
crypt,327.0,279.0,-14.678899082568808,
deriv,1416.0,1260.0,-11.016949152542377,
iterate,1997.0,1911.0,-4.306459689534304,
iterate_assert,22.0,21.0,-4.545454545454541,100000
iterate_call,4440.0,3978.0,-10.40540540540541,
iterate_cut,40.0,36.0,-9.999999999999998,100000
iterate_exception,90.0,81.0,-9.999999999999998,100000
iterate_failure,5244.0,5166.0,-1.4874141876430214,
iterate_findall,5560.0,5499.0,-1.097122302158271,
iterate_if,3874.0,4017.0,3.691275167785224,
meta_nrev,705.0,676.0,-4.113475177304959,
mu,539.0,591.0,9.647495361781067,
nrev,325.0,345.0,6.153846153846154,
poly,12.0,12.0,0.0,
primes,453.0,428.0,-5.518763796909488,
qsort,767.0,675.0,-11.994784876140807,
queens,1645.0,1591.0,-3.2826747720364757,
reducer,4270.0,3834.0,-10.210772833723658,
tak,213.0,185.0,-13.145539906103288,
zebra,2350.0,2514.0,6.978723404255316,
